[{"model": "auth.permission", "pk": 1, "fields": {"name": "Can add log entry", "content_type": 1, "codename": "add_logentry"}}, {"model": "auth.permission", "pk": 2, "fields": {"name": "Can change log entry", "content_type": 1, "codename": "change_logentry"}}, {"model": "auth.permission", "pk": 3, "fields": {"name": "Can delete log entry", "content_type": 1, "codename": "delete_logentry"}}, {"model": "auth.permission", "pk": 4, "fields": {"name": "Can view log entry", "content_type": 1, "codename": "view_logentry"}}, {"model": "auth.permission", "pk": 5, "fields": {"name": "Can add permission", "content_type": 2, "codename": "add_permission"}}, {"model": "auth.permission", "pk": 6, "fields": {"name": "Can change permission", "content_type": 2, "codename": "change_permission"}}, {"model": "auth.permission", "pk": 7, "fields": {"name": "Can delete permission", "content_type": 2, "codename": "delete_permission"}}, {"model": "auth.permission", "pk": 8, "fields": {"name": "Can view permission", "content_type": 2, "codename": "view_permission"}}, {"model": "auth.permission", "pk": 9, "fields": {"name": "Can add group", "content_type": 3, "codename": "add_group"}}, {"model": "auth.permission", "pk": 10, "fields": {"name": "Can change group", "content_type": 3, "codename": "change_group"}}, {"model": "auth.permission", "pk": 11, "fields": {"name": "Can delete group", "content_type": 3, "codename": "delete_group"}}, {"model": "auth.permission", "pk": 12, "fields": {"name": "Can view group", "content_type": 3, "codename": "view_group"}}, {"model": "auth.permission", "pk": 13, "fields": {"name": "Can add user", "content_type": 4, "codename": "add_user"}}, {"model": "auth.permission", "pk": 14, "fields": {"name": "Can change user", "content_type": 4, "codename": "change_user"}}, {"model": "auth.permission", "pk": 15, "fields": {"name": "Can delete user", "content_type": 4, "codename": "delete_user"}}, {"model": "auth.permission", "pk": 16, "fields": {"name": "Can view user", "content_type": 4, "codename": "view_user"}}, {"model": "auth.permission", "pk": 17, "fields": {"name": "Can add content type", "content_type": 5, "codename": "add_contenttype"}}, {"model": "auth.permission", "pk": 18, "fields": {"name": "Can change content type", "content_type": 5, "codename": "change_contenttype"}}, {"model": "auth.permission", "pk": 19, "fields": {"name": "Can delete content type", "content_type": 5, "codename": "delete_contenttype"}}, {"model": "auth.permission", "pk": 20, "fields": {"name": "Can view content type", "content_type": 5, "codename": "view_contenttype"}}, {"model": "auth.permission", "pk": 21, "fields": {"name": "Can add session", "content_type": 6, "codename": "add_session"}}, {"model": "auth.permission", "pk": 22, "fields": {"name": "Can change session", "content_type": 6, "codename": "change_session"}}, {"model": "auth.permission", "pk": 23, "fields": {"name": "Can delete session", "content_type": 6, "codename": "delete_session"}}, {"model": "auth.permission", "pk": 24, "fields": {"name": "Can view session", "content_type": 6, "codename": "view_session"}}, {"model": "auth.permission", "pk": 25, "fields": {"name": "Can add Token", "content_type": 7, "codename": "add_token"}}, {"model": "auth.permission", "pk": 26, "fields": {"name": "Can change Token", "content_type": 7, "codename": "change_token"}}, {"model": "auth.permission", "pk": 27, "fields": {"name": "Can delete Token", "content_type": 7, "codename": "delete_token"}}, {"model": "auth.permission", "pk": 28, "fields": {"name": "Can view Token", "content_type": 7, "codename": "view_token"}}, {"model": "auth.permission", "pk": 29, "fields": {"name": "Can add Token", "content_type": 8, "codename": "add_tokenproxy"}}, {"model": "auth.permission", "pk": 30, "fields": {"name": "Can change Token", "content_type": 8, "codename": "change_tokenproxy"}}, {"model": "auth.permission", "pk": 31, "fields": {"name": "Can delete Token", "content_type": 8, "codename": "delete_tokenproxy"}}, {"model": "auth.permission", "pk": 32, "fields": {"name": "Can view Token", "content_type": 8, "codename": "view_tokenproxy"}}, {"model": "auth.permission", "pk": 33, "fields": {"name": "Can add email address", "content_type": 9, "codename": "add_emailaddress"}}, {"model": "auth.permission", "pk": 34, "fields": {"name": "Can change email address", "content_type": 9, "codename": "change_emailaddress"}}, {"model": "auth.permission", "pk": 35, "fields": {"name": "Can delete email address", "content_type": 9, "codename": "delete_emailaddress"}}, {"model": "auth.permission", "pk": 36, "fields": {"name": "Can view email address", "content_type": 9, "codename": "view_emailaddress"}}, {"model": "auth.permission", "pk": 37, "fields": {"name": "Can add email confirmation", "content_type": 10, "codename": "add_emailconfirmation"}}, {"model": "auth.permission", "pk": 38, "fields": {"name": "Can change email confirmation", "content_type": 10, "codename": "change_emailconfirmation"}}, {"model": "auth.permission", "pk": 39, "fields": {"name": "Can delete email confirmation", "content_type": 10, "codename": "delete_emailconfirmation"}}, {"model": "auth.permission", "pk": 40, "fields": {"name": "Can view email confirmation", "content_type": 10, "codename": "view_emailconfirmation"}}, {"model": "auth.permission", "pk": 41, "fields": {"name": "Can add social account", "content_type": 11, "codename": "add_socialaccount"}}, {"model": "auth.permission", "pk": 42, "fields": {"name": "Can change social account", "content_type": 11, "codename": "change_socialaccount"}}, {"model": "auth.permission", "pk": 43, "fields": {"name": "Can delete social account", "content_type": 11, "codename": "delete_socialaccount"}}, {"model": "auth.permission", "pk": 44, "fields": {"name": "Can view social account", "content_type": 11, "codename": "view_socialaccount"}}, {"model": "auth.permission", "pk": 45, "fields": {"name": "Can add social application", "content_type": 12, "codename": "add_socialapp"}}, {"model": "auth.permission", "pk": 46, "fields": {"name": "Can change social application", "content_type": 12, "codename": "change_socialapp"}}, {"model": "auth.permission", "pk": 47, "fields": {"name": "Can delete social application", "content_type": 12, "codename": "delete_socialapp"}}, {"model": "auth.permission", "pk": 48, "fields": {"name": "Can view social application", "content_type": 12, "codename": "view_socialapp"}}, {"model": "auth.permission", "pk": 49, "fields": {"name": "Can add social application token", "content_type": 13, "codename": "add_socialtoken"}}, {"model": "auth.permission", "pk": 50, "fields": {"name": "Can change social application token", "content_type": 13, "codename": "change_socialtoken"}}, {"model": "auth.permission", "pk": 51, "fields": {"name": "Can delete social application token", "content_type": 13, "codename": "delete_socialtoken"}}, {"model": "auth.permission", "pk": 52, "fields": {"name": "Can view social application token", "content_type": 13, "codename": "view_socialtoken"}}, {"model": "auth.permission", "pk": 53, "fields": {"name": "Can add dimension", "content_type": 14, "codename": "add_dimension"}}, {"model": "auth.permission", "pk": 54, "fields": {"name": "Can change dimension", "content_type": 14, "codename": "change_dimension"}}, {"model": "auth.permission", "pk": 55, "fields": {"name": "Can delete dimension", "content_type": 14, "codename": "delete_dimension"}}, {"model": "auth.permission", "pk": 56, "fields": {"name": "Can view dimension", "content_type": 14, "codename": "view_dimension"}}, {"model": "auth.permission", "pk": 57, "fields": {"name": "Can add metric", "content_type": 15, "codename": "add_metric"}}, {"model": "auth.permission", "pk": 58, "fields": {"name": "Can change metric", "content_type": 15, "codename": "change_metric"}}, {"model": "auth.permission", "pk": 59, "fields": {"name": "Can delete metric", "content_type": 15, "codename": "delete_metric"}}, {"model": "auth.permission", "pk": 60, "fields": {"name": "Can view metric", "content_type": 15, "codename": "view_metric"}}, {"model": "auth.permission", "pk": 61, "fields": {"name": "Can add framework", "content_type": 16, "codename": "add_framework"}}, {"model": "auth.permission", "pk": 62, "fields": {"name": "Can change framework", "content_type": 16, "codename": "change_framework"}}, {"model": "auth.permission", "pk": 63, "fields": {"name": "Can delete framework", "content_type": 16, "codename": "delete_framework"}}, {"model": "auth.permission", "pk": 64, "fields": {"name": "Can view framework", "content_type": 16, "codename": "view_framework"}}, {"model": "auth.permission", "pk": 65, "fields": {"name": "Can add metric score", "content_type": 17, "codename": "add_metricscore"}}, {"model": "auth.permission", "pk": 66, "fields": {"name": "Can change metric score", "content_type": 17, "codename": "change_metricscore"}}, {"model": "auth.permission", "pk": 67, "fields": {"name": "Can delete metric score", "content_type": 17, "codename": "delete_metricscore"}}, {"model": "auth.permission", "pk": 68, "fields": {"name": "Can view metric score", "content_type": 17, "codename": "view_metricscore"}}, {"model": "auth.permission", "pk": 69, "fields": {"name": "Can add score", "content_type": 18, "codename": "add_score"}}, {"model": "auth.permission", "pk": 70, "fields": {"name": "Can change score", "content_type": 18, "codename": "change_score"}}, {"model": "auth.permission", "pk": 71, "fields": {"name": "Can delete score", "content_type": 18, "codename": "delete_score"}}, {"model": "auth.permission", "pk": 72, "fields": {"name": "Can view score", "content_type": 18, "codename": "view_score"}}, {"model": "auth.permission", "pk": 73, "fields": {"name": "Can add project", "content_type": 19, "codename": "add_project"}}, {"model": "auth.permission", "pk": 74, "fields": {"name": "Can change project", "content_type": 19, "codename": "change_project"}}, {"model": "auth.permission", "pk": 75, "fields": {"name": "Can delete project", "content_type": 19, "codename": "delete_project"}}, {"model": "auth.permission", "pk": 76, "fields": {"name": "Can view project", "content_type": 19, "codename": "view_project"}}, {"model": "auth.user", "pk": 1, "fields": {"password": "pbkdf2_sha256$720000$j9q8KbNKXJ67BJm8LsgmpY$Y/QGYR7cmtFo+RkjdfPvIfIQ4MeSZHluFjwLED6S7Uc=", "last_login": "2024-06-06T04:27:47.888Z", "is_superuser": false, "username": "juampi", "first_name": "", "last_name": "", "email": "", "is_staff": false, "is_active": true, "date_joined": "2024-06-06T04:27:47.103Z", "groups": [], "user_permissions": []}}, {"model": "auth.user", "pk": 2, "fields": {"password": "pbkdf2_sha256$720000$cFYcd0FZYI5Ii4FUlSP6z2$EiOCCufsp0a6WLa8u1+Nf0KCtTuuQuy8VH5x/2RktgY=", "last_login": "2024-06-06T04:29:08.770Z", "is_superuser": true, "username": "user", "first_name": "", "last_name": "", "email": "", "is_staff": true, "is_active": true, "date_joined": "2024-06-06T04:28:51.081Z", "groups": [], "user_permissions": []}}, {"model": "contenttypes.contenttype", "pk": 1, "fields": {"app_label": "admin", "model": "logentry"}}, {"model": "contenttypes.contenttype", "pk": 2, "fields": {"app_label": "auth", "model": "permission"}}, {"model": "contenttypes.contenttype", "pk": 3, "fields": {"app_label": "auth", "model": "group"}}, {"model": "contenttypes.contenttype", "pk": 4, "fields": {"app_label": "auth", "model": "user"}}, {"model": "contenttypes.contenttype", "pk": 5, "fields": {"app_label": "contenttypes", "model": "contenttype"}}, {"model": "contenttypes.contenttype", "pk": 6, "fields": {"app_label": "sessions", "model": "session"}}, {"model": "contenttypes.contenttype", "pk": 7, "fields": {"app_label": "authtoken", "model": "token"}}, {"model": "contenttypes.contenttype", "pk": 8, "fields": {"app_label": "authtoken", "model": "tokenproxy"}}, {"model": "contenttypes.contenttype", "pk": 9, "fields": {"app_label": "account", "model": "emailaddress"}}, {"model": "contenttypes.contenttype", "pk": 10, "fields": {"app_label": "account", "model": "emailconfirmation"}}, {"model": "contenttypes.contenttype", "pk": 11, "fields": {"app_label": "socialaccount", "model": "socialaccount"}}, {"model": "contenttypes.contenttype", "pk": 12, "fields": {"app_label": "socialaccount", "model": "socialapp"}}, {"model": "contenttypes.contenttype", "pk": 13, "fields": {"app_label": "socialaccount", "model": "socialtoken"}}, {"model": "contenttypes.contenttype", "pk": 14, "fields": {"app_label": "api", "model": "dimension"}}, {"model": "contenttypes.contenttype", "pk": 15, "fields": {"app_label": "api", "model": "metric"}}, {"model": "contenttypes.contenttype", "pk": 16, "fields": {"app_label": "api", "model": "framework"}}, {"model": "contenttypes.contenttype", "pk": 17, "fields": {"app_label": "api", "model": "metricscore"}}, {"model": "contenttypes.contenttype", "pk": 18, "fields": {"app_label": "api", "model": "score"}}, {"model": "contenttypes.contenttype", "pk": 19, "fields": {"app_label": "api", "model": "project"}}, {"model": "sessions.session", "pk": "p2jhoc8ezgqm44mum7zlvi4rxthkb4bq", "fields": {"session_data": ".eJxVjMEOwiAQRP-Fs2logWXrzf4I2S4QiA1NLJyM_66YHvQ4b2beUzhqNbl2hIfLXlzFJC6_bCW-h9IL2raOB2LeW6nDd3PWx3D7pFBqZqp5L8v5-lMlOlL3mBmDGkniRCgBRooeweIqrTQeLBNrqyLPMyvQkzdKkjUakBmBMIrXG6OlO8o:1sF4kO:DfJACv379cGy7u3LZxehT_-RJSBv1-ALEDcP67nyqKY", "expire_date": "2024-06-20T04:29:08.779Z"}}, {"model": "api.metric", "pk": 1, "fields": {"name": "Programming Language", "description": "Indicates whether the frameworkÆs programming language is wellknown by the team.", "where_to_find": "Discuss with the team and consult skill sets.", "measurement": "Very familiar: 1, Moderately familiar: 0.5, Not familiar: 0", "value": 0.0, "editable": true}}, {"model": "api.metric", "pk": 2, "fields": {"name": "Maturity", "description": "Indicates whether the technology is well-established or something new that is still being tested.", "where_to_find": "Review the history of the framework and the community backing it.", "measurement": "Well-established: 1, In development: 0.5, New or under testing: 0", "value": 0.0, "editable": true}}, {"model": "api.metric", "pk": 3, "fields": {"name": "Code Generators and Scaffolding", "description": "Tools that allow developers to rapidly generate code for common components such as models, views, and controllers.", "where_to_find": "Consult the frameworkÆs documentation and available tools.", "measurement": "Extensive support and efficiency: 1, Moderate support: 0.5, No support or inefficient: 0", "value": 0.0, "editable": true}}, {"model": "api.metric", "pk": 4, "fields": {"name": "Documentation Quality", "description": "Availability and completeness of official documentation.", "where_to_find": "Official website or GitHub repository", "measurement": "well-organized documentation: 1, Some useful documentation: 0.5, Poor or non-existent: 0", "value": 0.0, "editable": true}}, {"model": "api.metric", "pk": 5, "fields": {"name": "Community Support", "description": "Availability of community resources, tutorials, and forums.", "where_to_find": "Online communities, Stack Overflow, GitHub.", "measurement": "Strong community: 1, Moderate community: 0.5, Limited or no community: 0", "value": 0.0, "editable": true}}, {"model": "api.metric", "pk": 6, "fields": {"name": "Learning Curve", "description": "Time and effort required to become proficient", "where_to_find": "Personal experience, online tutorials, and courses", "measurement": "Easy to learn : 1, Moderate learning: 0.5, Steep learning: 0", "value": 0.0, "editable": true}}, {"model": "api.metric", "pk": 7, "fields": {"name": "Authentication", "description": "Support for standard authentication protocols like OAuth, JWT.", "where_to_find": "Check the framework documentation or built-in features.", "measurement": "Multiple authentication protocols: 1,  One authentication protocol: 0.5, No authentication: 0", "value": 0.0, "editable": true}}, {"model": "api.metric", "pk": 8, "fields": {"name": "Authorization", "description": "Ease of implementing access controls at a resource level.", "where_to_find": "Framework documentation and user reviews.", "measurement": "Flexible authorization features: 1,  Basic authorization features: 0.5, no authorization features: 0", "value": 0.0, "editable": true}}, {"model": "api.metric", "pk": 9, "fields": {"name": "Attack Mitigation", "description": "Resistance to common attacks like SQL Injection, XSS, CSRF", "where_to_find": "Security audit reports and framework documentation", "measurement": "(Resistant to multiple attacks: 1, Resistant to at least one attack: 0.5, No resistance: 0", "value": 0.0, "editable": true}}, {"model": "api.metric", "pk": 10, "fields": {"name": "Encryption", "description": "Support for encrypting data in transit and at rest.", "where_to_find": "Framework documentation.", "measurement": "Support both Data-in-transit and data-at-rest encryption: 1, Supports either: 0.5, No support: 0", "value": 0.0, "editable": true}}, {"model": "api.metric", "pk": 11, "fields": {"name": "Auditing and Logging", "description": "Ability to perform detailed tracking of security-related activities.", "where_to_find": "Framework features or third-party integrations", "measurement": "Detailed: 1, Basic logging capabilities: 0.5, No security logging and auditing: 0", "value": 1.0, "editable": true}}, {"model": "api.metric", "pk": 12, "fields": {"name": "Reported security issues", "description": "Indicates the frameworkÆs vulnerability and security robustness. Number of reported security issues in the past year.", "where_to_find": "Security advisory databases, frameworkÆs official channels.", "measurement": "Few or no reported issues (0-3): 1, Moderate number of issues (4-7): 0.5, Many issues (>7): 0", "value": 1.0, "editable": true}}, {"model": "api.metric", "pk": 13, "fields": {"name": "Horizontal Scalability", "description": "The ability of the framework to handle more requests by adding more machines in the pool.", "where_to_find": "Through stress tests and framework documentation.", "measurement": "Easily scales horizontally: 1, Horizontal scaling but manual configuration: 0.5, Not support: 0", "value": 1.0, "editable": true}}, {"model": "api.metric", "pk": 14, "fields": {"name": "Vertical Scalability", "description": "The ability to handle more requests by adding more power (CPU, RAM) to an existing machine.", "where_to_find": "Through performance tests and documentation.", "measurement": "Easily scales vertically: 1, Vertical scaling but application changes: 0.5, Not support: 0", "value": 1.0, "editable": true}}, {"model": "api.metric", "pk": 15, "fields": {"name": "Load Balancing", "description": "The ability to distribute incoming network traffic across multiple servers.", "where_to_find": "Framework documentation and feature set.", "measurement": "Built-in load balancing: 1, Manually config for load balancing: 0.5, No load balancing support: 0", "value": 1.0, "editable": true}}, {"model": "api.metric", "pk": 16, "fields": {"name": "Microservices Architecture Support", "description": "Capability to break up the application into loosely coupled, independently deployable components.", "where_to_find": "Framework features, documentation, and community support.", "measurement": "Full support: 1, Some support: 0.5, No support: 0", "value": 0.0, "editable": true}}, {"model": "api.metric", "pk": 17, "fields": {"name": "State Management", "description": "Ability to manage user sessions and data across multiple servers.", "where_to_find": "Framework documentation or third-party libraries.", "measurement": "Built-in state management: 1, Can handle state: 0.5, No state management: 0", "value": 1.0, "editable": true}}, {"model": "api.metric", "pk": 18, "fields": {"name": "Latency", "description": "The time it takes for the framework to respond to a single request.", "where_to_find": "This can be found using monitoring tools, load testing, benchmarks, official documentation.", "measurement": "Less than 100 ms: 1, Between 100 ms and 300 ms: 0.5, More than 300 ms: 0", "value": 1.0, "editable": true}}, {"model": "api.metric", "pk": 19, "fields": {"name": "Throughput", "description": "The number of requests that the system can handle per second.", "where_to_find": "Measured through load testing and performance monitoring, benchmarks, official documentation.", "measurement": "More than 1000 requests: 1,  Between 500 and 1000 requests: 0.5, Less than 500 requests: 0", "value": 1.0, "editable": true}}, {"model": "api.metric", "pk": 20, "fields": {"name": "CPU Usage", "description": "Percentage of CPU time required for operations.", "where_to_find": "Using system resource monitoring tools, benchmarks.", "measurement": "CPU usage less than 60%: 1, CPU usage between 60% and 80%: 0.5, CPU usage above 80%: 0", "value": 0.0, "editable": true}}, {"model": "api.metric", "pk": 21, "fields": {"name": "Memory Usage", "description": "Amount of RAM used during operations.", "where_to_find": "Through system resource monitoring or profiling tools, benchmarks.", "measurement": "Memory usage less than 70%: 1, Memory usage between 70% and 85%: 0.5, Memory usage above 85%: 0", "value": 1.0, "editable": true}}, {"model": "api.metric", "pk": 22, "fields": {"name": "Number of stars/forks on platforms like GitHub", "description": "Indicates community trust and engagement.", "where_to_find": "FrameworkÆs GitHub or similar repositories.", "measurement": "Many stars/forks (>20k): 1, Moderate stars/forks (10k-20k): 0.5, Few stars/forks (<10k): 0", "value": 1.0, "editable": true}}, {"model": "api.metric", "pk": 23, "fields": {"name": "Community activity and responsiveness", "description": "Gauge of community support.", "where_to_find": "Forums, Stack Overflow, and GitHub issues.", "measurement": "Very active and responsive: 1, Moderately active: 0.5, Barely active or unresponsive: 0", "value": 1.0, "editable": true}}, {"model": "api.metric", "pk": 24, "fields": {"name": "Cross-Platform Support", "description": "Ability to run the application on multiple platforms without major code modifications.", "where_to_find": "Official documentation and developer community forums.", "measurement": "Multiple platforms: 1, Multiple platforms but with code modifications: 0.5, Not cross-platform: 0", "value": 1.0, "editable": true}}, {"model": "api.metric", "pk": 25, "fields": {"name": "Containerization Support", "description": "Ease of packaging the application and its dependencies into a container.", "where_to_find": "Framework documentation and community discussions.", "measurement": "Native containerization: 1,Containerization but with configuration: 0.5, Not containerization: 0", "value": 1.0, "editable": true}}, {"model": "api.metric", "pk": 26, "fields": {"name": "Cloud Compatibility", "description": "How well the framework integrates with cloud services.", "where_to_find": "Framework documentation, cloud service documentation, and developer testimonials.", "measurement": "Excellent compatibility: 1, Some compatibility: 0.5, Poor or no cloud compatibility: 0", "value": 1.0, "editable": true}}, {"model": "api.metric", "pk": 27, "fields": {"name": "Database Agnosticism", "description": "Flexibility to work with different types of databases.", "where_to_find": "Framework documentation and feature set.", "measurement": "Multiple types of databases: 1, Limited to certain types: 0.5, Specific database: 0", "value": 1.0, "editable": true}}, {"model": "api.metric", "pk": 28, "fields": {"name": "Code Complexity", "description": "The ease with which the codebase can be understood, modified, and extended.", "where_to_find": "Code analysis tools, code reviews.", "measurement": "Low complexity: 1, Moderate complexity: 0.5, High complexity: 0", "value": 1.0, "editable": true}}, {"model": "api.metric", "pk": 29, "fields": {"name": "Modularity", "description": "The extent to which the application is divided into independent, interchangeable modules.", "where_to_find": "Codebase structure, framework documentation.", "measurement": "Highly modular design: 1, Some modularity: 0.5, Monolithic design, low modularity: 0", "value": 1.0, "editable": true}}, {"model": "api.metric", "pk": 30, "fields": {"name": "Testability", "description": "How conducive the framework is to unit testing, integration testing, and end-to-end testing.", "where_to_find": "Framework documentation, community forums, codebase.", "measurement": "Framework provides testing tools: 1, Testing possible: 0.5, Poorly suited for testing: 0", "value": 1.0, "editable": true}}, {"model": "api.metric", "pk": 31, "fields": {"name": "Long-Term Support", "description": "Availability of long-term support for the framework, including security updates and bug fixes.", "where_to_find": "Official announcements, framework website, community forums.", "measurement": "Guaranteed long-term support: 1, Some level of support: 0.5, No long-term support:0", "value": 1.0, "editable": true}}, {"model": "api.metric", "pk": 32, "fields": {"name": "Licensing", "description": "Cost associated with the frameworkÆs license, if applicable.", "where_to_find": "Official framework website, documentation, or pricing page.", "measurement": "No licensing cost: 1, Moderate licensing cost: 0.5,  High licensing cost: 0", "value": 1.0, "editable": true}}, {"model": "api.metric", "pk": 33, "fields": {"name": "Server Resources", "description": "Requirements and costs associated with CPU, memory, and storage.", "where_to_find": "Framework documentation, case studies, real-world usage.", "measurement": "Minimal requirements and low cost: 1, Moderate requirements: 0.5, High requirements: 0)", "value": 1.0, "editable": true}}, {"model": "api.metric", "pk": 34, "fields": {"name": "Migration Cost", "description": "Time and resources required to migrate from another system.", "where_to_find": "Developer testimonials, documentation, community forums.", "measurement": "Easy and low-cost migration: 1, Moderate in terms of time:0.5, Difficult and costly to migrate: 0", "value": 1.0, "editable": true}}, {"model": "api.metric", "pk": 35, "fields": {"name": "Learning Cost", "description": "Time required for the team to get up to speed with the framework.", "where_to_find": "Community forums, developer feedback, personal experience", "measurement": "Quick learning curve: 1, Moderate time to learn: 0.5, Steep learning curve:0", "value": 1.0, "editable": true}}, {"model": "api.metric", "pk": 36, "fields": {"name": "Libraries and Tools", "description": "Ease of integrating external libraries and third-party tools.", "where_to_find": "Framework documentation, developer communities, and tutorials.", "measurement": "Very easy to integrate: 1, Moderately easy to integrate: 0.5, Difficult to integrate: 0", "value": 1.0, "editable": true}}, {"model": "api.metric", "pk": 37, "fields": {"name": "Frontend Compatibility", "description": "Ease of integration with frontend frameworks and libraries.", "where_to_find": "Framework documentation, community forums, and example projects.", "measurement": "Very easy to integrate: 1, Moderately easy to integrate: 0.5, Difficult to integrate: 0", "value": 1.0, "editable": true}}, {"model": "api.metric", "pk": 38, "fields": {"name": "APIs and Connectivity", "description": "Ease of connecting to external services via APIs.", "where_to_find": "Framework documentation, API documentation of external services, developer testimonials.", "measurement": "Very easy to connect: 1, Moderately easy to connect: 0.5, Difficult to connect: 0", "value": 1.0, "editable": true}}, {"model": "api.metric", "pk": 39, "fields": {"name": "Updates and Maintenance", "description": "Frequency and quality of updates to the framework.", "where_to_find": "Framework release notes, community forums, and feedback.", "measurement": "Frequent-high-quality : 1, Infrequent-medium-quality : 0.5, Rare-poor-quality : 0", "value": 1.0, "editable": true}}, {"model": "api.dimension", "pk": 1, "fields": {"name": "Ease of Development", "weight": 0.11, "editable": false, "metrics": [1, 2, 3, 4, 5, 6]}}, {"model": "api.dimension", "pk": 2, "fields": {"name": "Security", "weight": 0.11, "editable": false, "metrics": [7, 8, 9, 10, 11, 12]}}, {"model": "api.dimension", "pk": 3, "fields": {"name": "Scalability", "weight": 0.11, "editable": false, "metrics": [13, 14, 15, 16, 17]}}, {"model": "api.dimension", "pk": 4, "fields": {"name": "Performance", "weight": 0.11, "editable": false, "metrics": [18, 19, 20, 21]}}, {"model": "api.dimension", "pk": 5, "fields": {"name": "Popularity", "weight": 0.11, "editable": false, "metrics": [22, 23]}}, {"model": "api.dimension", "pk": 6, "fields": {"name": "Portability", "weight": 0.11, "editable": false, "metrics": [24, 25, 26, 27]}}, {"model": "api.dimension", "pk": 7, "fields": {"name": "Maintainability", "weight": 0.11, "editable": false, "metrics": [28, 29, 30, 31]}}, {"model": "api.dimension", "pk": 8, "fields": {"name": "Cost", "weight": 0.11, "editable": false, "metrics": [32, 33, 34, 35]}}, {"model": "api.dimension", "pk": 9, "fields": {"name": "Ecosystem and Compatibility", "weight": 0.11, "editable": false, "metrics": [36, 37, 38, 39]}}, {"model": "api.framework", "pk": 1, "fields": {"name": "Django", "dimensions": [1, 2, 3, 4, 5, 6, 7, 8, 9]}}, {"model": "api.framework", "pk": 2, "fields": {"name": "Laravel", "dimensions": [1, 2, 3, 4, 5, 6, 7, 8, 9]}}, {"model": "api.framework", "pk": 3, "fields": {"name": "Spring", "dimensions": [1, 2, 3, 4, 5, 6, 7, 8, 9]}}, {"model": "api.framework", "pk": 4, "fields": {"name": "Node.js", "dimensions": [1, 2, 3, 4, 5, 6, 7, 8, 9]}}, {"model": "api.project", "pk": 1, "fields": {"name": "deeezer", "description": "egsrdgsdrgsdr", "frameworks": [1, 2, 3, 4]}}, {"model": "api.project", "pk": 2, "fields": {"name": "sdrrvsvdf", "description": "svfrr", "frameworks": [1, 2, 3, 4]}}, {"model": "api.project", "pk": 3, "fields": {"name": "prueba", "description": "prueba", "frameworks": [1, 2, 3, 4]}}, {"model": "api.project", "pk": 4, "fields": {"name": "prueba", "description": "rkdgsdr,ubgusbrdgdrs", "frameworks": [1, 2, 3, 4]}}, {"model": "api.project", "pk": 5, "fields": {"name": "sdfthsdth", "description": "hsths", "frameworks": [1, 2, 3, 4]}}, {"model": "api.project", "pk": 6, "fields": {"name": "ser", "description": "srhs", "frameworks": [1, 2, 3, 4]}}]
